1,DEVICE0,METRIC0,0,20260716140530-0500,UNDEFINED,1,0.00
1,DEVICE0,METRIC0,0,20260716140630-0500,UNDEFINED,1,0.8415
1,DEVICE0,METRIC0,0,20260716140730-0500,UNDEFINED,1,0.9093
1,DEVICE0,METRIC0,0,20260716140830-0500,UNDEFINED,1,0.1411
1,DEVICE0,METRIC0,0,20260716140930-0500,UNDEFINED,1,-0.7568
1,DEVICE0,METRIC0,0,20260716141030-0500,UNDEFINED,1,-0.9589
1,DEVICE0,METRIC0,0,20260716141130-0500,UNDEFINED,1,-0.2794
1,DEVICE0,METRIC0,0,20260716141230-0500,UNDEFINED,1,0.657
1,DEVICE0,METRIC0,0,20260716141330-0500,UNDEFINED,1,0.9894
1,DEVICE0,METRIC0,0,20260716141430-0500,UNDEFINED,1,0.4121
1,DEVICE0,METRIC0,0,20260716141530-0500,UNDEFINED,1,-0.544
1,DEVICE0,METRIC0,0,20260716141630-0500,UNDEFINED,1,-1.00
1,DEVICE0,METRIC0,0,20260716141730-0500,UNDEFINED,1,-0.5366
1,DEVICE0,METRIC0,0,20260716141830-0500,UNDEFINED,1,0.4202
1,DEVICE0,METRIC0,0,20260716141930-0500,UNDEFINED,1,0.9906
1,DEVICE0,METRIC0,0,20260716142030-0500,UNDEFINED,1,0.6503
1,DEVICE0,METRIC0,0,20260716142130-0500,UNDEFINED,1,-0.2879
1,DEVICE0,METRIC0,0,20260716142230-0500,UNDEFINED,1,-0.9614
1,DEVICE0,METRIC0,0,20260716142330-0500,UNDEFINED,1,-0.751
1,DEVICE0,METRIC0,0,20260716142430-0500,UNDEFINED,1,0.1499
